<?xml version="1.0" encoding="utf-8"?>
<extension version="3" type="plugin" group="jshopping" method="upgrade">
    <name>ХуткiГрош (ЕРИП Беларусь)</name>
    <version>3.1.0</version>
    <author>esas.by</author>
    <creationDate>2018-12-30</creationDate>
    <copyright>Copyright (C) 2010 - 2018 ESAS. All rights reserved.</copyright>
    <license>GNU General Public License version 2 or later; see LICENSE.txt</license>
    <authorEmail>support@esas.by</authorEmail>
    <authorUrl>http://www.esas.by/</authorUrl>
    <description>Hutkigrosh™ — payment service for invoicing to AIS *Raschet* (ERIP Belarus).
        After invoicing you will be available for payment by a plastic card and electronic money,
        at any of the bank branches, cash desks, ATMs, payment terminals, in the electronic money system,
        through Internet banking, M-banking, Internet acquiring</description>

    <scriptfile>install/install.php</scriptfile>
    <files>
        <filename plugin="hutkigrosh">hutkigrosh.php</filename>
        <filename>init.php</filename>
        <folder>vendor</folder>
        <folder>esas</folder>
        <folder>install</folder>
    </files>
    <updateservers>
        <server type="extension" priority="1" name="Custom PHP module for Joomla">https://bitbucket.org/esasby/cmsgate-joomshopping-hutkigrosh/raw/master/update.xml</server>
    </updateservers>
</extension>